{
  "year": 2026,
  "timezone": "US/Eastern",
  "exchange_holidays": [
    {
      "date": "2026-01-01",
      "name": "New Year's Day",
      "day_of_week": "Thursday"
    },
    {
      "date": "2026-01-19",
      "name": "Martin Luther King Jr. Day",
      "day_of_week": "Monday"
    },
    {
      "date": "2026-02-16",
      "name": "Presidents' Day",
      "day_of_week": "Monday"
    },
    {
      "date": "2026-04-03",
      "name": "Good Friday",
      "day_of_week": "Friday"
    },
    {
      "date": "2026-05-25",
      "name": "Memorial Day",
      "day_of_week": "Monday"
    },
    {
      "date": "2026-06-19",
      "name": "Juneteenth",
      "day_of_week": "Friday"
    },
    {
      "date": "2026-07-03",
      "name": "Independence Day (observed)",
      "day_of_week": "Friday"
    },
    {
      "date": "2026-09-07",
      "name": "Labor Day",
      "day_of_week": "Monday"
    },
    {
      "date": "2026-11-26",
      "name": "Thanksgiving Day",
      "day_of_week": "Thursday"
    },
    {
      "date": "2026-12-25",
      "name": "Christmas Day",
      "day_of_week": "Friday"
    }
  ],
  "standard_expirations": [
    {
      "date": "2026-01-16",
      "day_of_week": "Friday",
      "type": "Equity, Equity Index, ETF & ETN Options",
      "notes": null
    },
    {
      "date": "2026-02-20",
      "day_of_week": "Friday",
      "type": "Equity, Equity Index, ETF & ETN Options",
      "notes": null
    },
    {
      "date": "2026-03-20",
      "day_of_week": "Friday",
      "type": "Equity, Equity Index, ETF & ETN Options",
      "notes": null
    },
    {
      "date": "2026-04-17",
      "day_of_week": "Friday",
      "type": "Equity, Equity Index, ETF & ETN Options",
      "notes": null
    },
    {
      "date": "2026-05-15",
      "day_of_week": "Friday",
      "type": "Equity, Equity Index, ETF & ETN Options",
      "notes": null
    },
    {
      "date": "2026-06-18",
      "day_of_week": "Thursday",
      "type": "Equity, Equity Index, ETF & ETN Options",
      "notes": "⚠️ Note: Expiration moved to Thursday due to Juneteenth holiday on Friday"
    },
    {
      "date": "2026-07-17",
      "day_of_week": "Friday",
      "type": "Equity, Equity Index, ETF & ETN Options",
      "notes": "Note: July 3 (Friday) is a holiday - market closed"
    },
    {
      "date": "2026-08-21",
      "day_of_week": "Friday",
      "type": "Equity, Equity Index, ETF & ETN Options",
      "notes": null
    },
    {
      "date": "2026-09-18",
      "day_of_week": "Friday",
      "type": "Equity, Equity Index, ETF & ETN Options",
      "notes": null
    },
    {
      "date": "2026-10-16",
      "day_of_week": "Friday",
      "type": "Equity, Equity Index, ETF & ETN Options",
      "notes": null
    },
    {
      "date": "2026-11-20",
      "day_of_week": "Friday",
      "type": "Equity, Equity Index, ETF & ETN Options",
      "notes": null
    },
    {
      "date": "2026-12-18",
      "day_of_week": "Friday",
      "type": "Equity, Equity Index, ETF & ETN Options",
      "notes": null
    }
  ],
  "am_settled_last_trading_days": [
    {
      "date": "2026-01-15",
      "day_of_week": "Thursday",
      "expiration_date": "2026-01-16",
      "notes": null
    },
    {
      "date": "2026-02-19",
      "day_of_week": "Thursday",
      "expiration_date": "2026-02-20",
      "notes": null
    },
    {
      "date": "2026-03-19",
      "day_of_week": "Thursday",
      "expiration_date": "2026-03-20",
      "notes": null
    },
    {
      "date": "2026-04-16",
      "day_of_week": "Thursday",
      "expiration_date": "2026-04-17",
      "notes": null
    },
    {
      "date": "2026-05-14",
      "day_of_week": "Thursday",
      "expiration_date": "2026-05-15",
      "notes": null
    },
    {
      "date": "2026-06-17",
      "day_of_week": "Wednesday",
      "expiration_date": "2026-06-18",
      "notes": "Due to Thursday expiration (Juneteenth adjustment)"
    },
    {
      "date": "2026-07-16",
      "day_of_week": "Thursday",
      "expiration_date": "2026-07-17",
      "notes": null
    },
    {
      "date": "2026-08-20",
      "day_of_week": "Thursday",
      "expiration_date": "2026-08-21",
      "notes": null
    },
    {
      "date": "2026-09-17",
      "day_of_week": "Thursday",
      "expiration_date": "2026-09-18",
      "notes": null
    },
    {
      "date": "2026-10-15",
      "day_of_week": "Thursday",
      "expiration_date": "2026-10-16",
      "notes": null
    },
    {
      "date": "2026-11-19",
      "day_of_week": "Thursday",
      "expiration_date": "2026-11-20",
      "notes": null
    },
    {
      "date": "2026-12-17",
      "day_of_week": "Thursday",
      "expiration_date": "2026-12-18",
      "notes": null
    }
  ],
  "vix_standard_expirations": [
    {
      "date": "2026-01-21",
      "day_of_week": "Wednesday",
      "last_trading_day": "2026-01-20",
      "notes": null
    },
    {
      "date": "2026-02-18",
      "day_of_week": "Wednesday",
      "last_trading_day": "2026-02-17",
      "notes": null
    },
    {
      "date": "2026-03-18",
      "day_of_week": "Wednesday",
      "last_trading_day": "2026-03-17",
      "notes": null
    },
    {
      "date": "2026-04-15",
      "day_of_week": "Wednesday",
      "last_trading_day": "2026-04-14",
      "notes": null
    },
    {
      "date": "2026-05-20",
      "day_of_week": "Wednesday",
      "last_trading_day": "2026-05-19",
      "notes": null
    },
    {
      "date": "2026-06-17",
      "day_of_week": "Wednesday",
      "last_trading_day": "2026-06-16",
      "notes": null
    },
    {
      "date": "2026-07-22",
      "day_of_week": "Wednesday",
      "last_trading_day": "2026-07-21",
      "notes": null
    },
    {
      "date": "2026-08-19",
      "day_of_week": "Wednesday",
      "last_trading_day": "2026-08-18",
      "notes": null
    },
    {
      "date": "2026-09-16",
      "day_of_week": "Wednesday",
      "last_trading_day": "2026-09-15",
      "notes": null
    },
    {
      "date": "2026-10-21",
      "day_of_week": "Wednesday",
      "last_trading_day": "2026-10-20",
      "notes": null
    },
    {
      "date": "2026-11-18",
      "day_of_week": "Wednesday",
      "last_trading_day": "2026-11-17",
      "notes": null
    },
    {
      "date": "2026-12-16",
      "day_of_week": "Wednesday",
      "last_trading_day": "2026-12-15",
      "notes": null
    }
  ],
  "end_of_month_quarter": [
    {
      "date": "2026-03-31",
      "day_of_week": "Tuesday",
      "type": "Quarter",
      "notes": "Q1 End"
    },
    {
      "date": "2026-06-30",
      "day_of_week": "Tuesday",
      "type": "Quarter",
      "notes": "Q2 End"
    },
    {
      "date": "2026-09-30",
      "day_of_week": "Wednesday",
      "type": "Quarter",
      "notes": "Q3 End"
    },
    {
      "date": "2026-12-31",
      "day_of_week": "Thursday",
      "type": "Quarter",
      "notes": "Q4 End"
    }
  ],
  "leaps_additions": [
    {
      "date": "2026-10-16",
      "day_of_week": "Friday",
      "leaps_year": 2029,
      "notes": "New 2029 Equity and ETP LEAPS available"
    },
    {
      "date": "2026-11-20",
      "day_of_week": "Friday",
      "leaps_year": 2029,
      "notes": "New 2029 Equity and ETP LEAPS available"
    },
    {
      "date": "2026-12-18",
      "day_of_week": "Friday",
      "leaps_year": 2029,
      "notes": "New 2029 Equity and ETP LEAPS available"
    }
  ],
  "alert_frequencies": {
    "low": {
      "description": "Only monthly standard expirations and quarterly events",
      "includes": [
        "standard_expirations",
        "end_of_month_quarter"
      ]
    },
    "medium": {
      "description": "Standard expirations, VIX standard, end-of-month/quarter, LEAPS",
      "includes": [
        "standard_expirations",
        "vix_standard_expirations",
        "end_of_month_quarter",
        "leaps_additions",
        "exchange_holidays"
      ]
    },
    "high": {
      "description": "All events including AM-settled last trading days",
      "includes": [
        "standard_expirations",
        "am_settled_last_trading_days",
        "vix_standard_expirations",
        "end_of_month_quarter",
        "leaps_additions",
        "exchange_holidays"
      ]
    }
  }
}
